시작 TC,종료 TC,색,HEX,외곽선,문구
00;00;35;29,00;00;47;24,빨강,#F82830,흰색,“국장을 왜 하냐” 다시 커지는 국내 증시 불신
00;01;12;16,00;01;18;23,흰색,#FFFFFF,검정,"팔까, 버틸까? / 지금 투자자의 가장 큰 고민"
00;02;25;10,00;02;57;26,빨강,#F82830,흰색,과열 뒤 커진 변동성 / 조정장은 자연스러운 숨 고르기
00;03;26;02,00;03;29;05,노랑,#F7EA34,검정,밸류 부담도 이익 훼손도 없는 시장
00;05;05;03,00;05;14;21,빨강,#F82830,흰색,전자닉스도 피하지 못한 파괴적 하락
00;05;27;19,00;05;33;15,노랑,#F7EA34,검정,밸류는 여전히 충분히 싸다
00;06;32;15,00;06;56;06,노랑,#F7EA34,검정,"8,000~8,500선 대규모 매물대 / 돌파하면 다시 붙을 수 있는 상승 동력"
00;07;26;21,00;07;40;01,흰색,#FFFFFF,검정,물건은 싸면 사면서 / 주식은 싸지면 팔고 싶어지는 심리
00;07;54;04,00;08;08;15,빨강,#F82830,흰색,하락장에서 더 크게 들리는 공포의 목소리
00;08;38;15,00;08;53;01,흰색,#FFFFFF,검정,지수가 오르면 다시 매수를 고민하는 투자 심리
00;09;31;18,00;09;39;01,노랑,#F7EA34,검정,싼 종목을 싸다고 말할 뿐
00;09;51;22,00;09;59;14,노랑,#F7EA34,검정,삼성전자·SK하이닉스의 이익 규모 / 엔비디아를 넘어설 가능성
00;10;06;26,00;10;17;25,노랑,#F7EA34,검정,쌀 때 기다리는 투자가 오히려 편하다
00;12;06;26,00;12;20;11,노랑,#F7EA34,검정,3분기 실적 발표까지 필요한 기다림
00;13;12;27,00;13;35;26,빨강,#F82830,흰색,대외 이벤트에 더 민감하게 흔들리는 국내 증시
00;14;50;11,00;15;03;00,흰색,#FFFFFF,검정,하락장에서 더 선명해지는 종목별 투자 포인트
00;15;29;11,00;15;39;06,노랑,#F7EA34,검정,거래대금 감소와 변동성 축소 / 오히려 긍정적인 안정 신호
00;17;24;22,00;17;52;25,빨강,#F82830,흰색,시간이 갈수록 가치가 줄어드는 / 단일 종목 레버리지 ETF
00;18;28;05,00;18;59;24,빨강,#F82830,흰색,상승 가능성보다 하락 위험을 먼저 확인
00;19;38;11,00;19;46;06,빨강,#F82830,흰색,AI 투자가 계속될지 우려하는 시장
00;20;04;02,00;20;08;04,빨강,#F82830,흰색,투자를 멈추는 순간 경쟁에서 도태
00;20;18;28,00;20;32;21,노랑,#F7EA34,검정,본업의 현금창출력으로 / AI 투자를 감당하는 빅테크
00;21;06;21,00;22;03;26,노랑,#F7EA34,검정,AI 데이터센터의 핵심 / 엔비디아의 AI 팩토리
00;22;29;15,00;22;36;06,노랑,#F7EA34,검정,빅테크 밖으로 확대되는 AI 수요
00;23;37;20,00;23;43;23,노랑,#F7EA34,검정,연간 100조 원 규모의 주주환원 약속
00;23;49;00,00;23;51;28,노랑,#F7EA34,검정,메모리 업황 회복에 대한 자신감
00;24;56;22,00;25;04;27,빨강,#F82830,흰색,금리 상승은 AI 데이터센터 투자비 부담으로
00;26;19;00,00;26;44;25,노랑,#F7EA34,검정,변동성은 커도 결국 실적을 따라가는 시장
00;27;24;03,00;27;32;20,빨강,#F82830,흰색,수급에 크게 흔들리는 국내 증시
00;28;23;25,00;28;27;13,빨강,#F82830,흰색,금리 인상 공포에 예민해진 투자자
00;28;43;24,00;29;12;01,흰색,#FFFFFF,검정,금리 인상 가능성을 열어 둔 메시지 / 실제 인상 여부는 별개의 문제
00;31;39;14,00;31;47;14,빨강,#F82830,흰색,AI 투자가 멈추면 미국 성장도 흔들릴 수 있음
00;32;45;25,00;33;11;27,빨강,#F82830,흰색,국채금리 4.7%에서 반복되는 / 트럼프의 긴장 완화 메시지
00;33;32;08,00;33;38;24,흰색,#FFFFFF,검정,미국 재무부가 가진 시장 대응 수단
00;34;35;06,00;35;05;18,빨강,#F82830,흰색,전자닉스 손절 뒤 더 큰 레버리지로 / 이어질 수 있는 악순환
00;35;38;19,00;35;43;26,흰색,#FFFFFF,검정,전자닉스가 안정돼야 소부장도 움직인다
00;35;58;21,00;36;05;27,흰색,#FFFFFF,검정,[하나만 고르라는 질문이 제일 어려움]
00;36;25;28,00;36;34;17,노랑,#F7EA34,검정,TSMC 의존을 낮출 대안으로 / 부상하는 삼성 파운드리
00;36;56;02,00;37;03;29,노랑,#F7EA34,검정,매일 이어지는 SK하이닉스 자사주 매입
00;37;42;25,00;37;53;21,노랑,#F7EA34,검정,현금흐름이 필요한 투자자에게 / 매력적인 삼성전자 배당
00;38;43;18,00;38;48;04,노랑,#F7EA34,검정,빠른 수익을 원한다면 SK하이닉스
00;39;23;07,00;39;31;28,흰색,#FFFFFF,검정,전자닉스와 소부장을 함께 담은 반도체 ETF
00;40;37;29,00;40;52;13,노랑,#F7EA34,검정,대규모 AI·반도체 투자에서 / 기회를 찾는 소부장 기업
