소안건,순번,화자,강조자막 문구,색,HEX,외곽선,삽입 지점
쟁점①,1,MC,"금리 인하, 누가 웃는가?",빨강,#F82830,흰색,안건 제시 직후 (반전 질문)
쟁점①,2,강환국,금리 인하는 주식에 유리,노랑,#F7EA34,검정,주장 착지 직후
쟁점①,3,강환국,인하 초기엔 경기 둔화 우려,흰색,#FFFFFF,검정,근거1 전반
쟁점①,4,강환국,유동성 풀리면 퀀트 수익률 급등,노랑,#F7EA34,검정,근거1 후반
쟁점①,5,강환국,2026년 경기침체 없다,노랑,#F7EA34,검정,연도 언급 시
쟁점①,6,강환국,7월 이후 랠리 예상,노랑,#F7EA34,검정,숫자 언급 시
쟁점①,7,강환국,할인율 하락 → 기업가치 재평가,흰색,#FFFFFF,검정,근거2
쟁점①,8,강환국,개도국·가치주 강세,흰색,#FFFFFF,검정,근거2 마무리
쟁점①,9,조규원,금리 인하는 금·원자재 강세 신호,노랑,#F7EA34,검정,주장 착지 직후
쟁점①,10,조규원,금은 실질금리와 역상관,흰색,#FFFFFF,검정,근거1
쟁점①,11,조규원,1947년 실질금리 저점 = 금값 최고,노랑,#F7EA34,검정,연도·수치 언급 시
쟁점①,12,조규원,2019년부터 실질금리 마이너스,노랑,#F7EA34,검정,연도 언급 시
쟁점①,13,조규원,금 거대 사이클 진행 중,노랑,#F7EA34,검정,근거2 결론
쟁점②,1,MC,올해 경기 침체 오는가?,빨강,#F82830,흰색,안건 제시 직후 (반전 질문)
쟁점②,2,강환국,올해는 위험자산 선호해도 된다,노랑,#F7EA34,검정,주장 착지 직후
쟁점②,3,강환국,트럼프 집권 6년차,흰색,#FFFFFF,검정,근거1
쟁점②,4,강환국,'1월 이론'과 무관하게 강세,흰색,#FFFFFF,검정,용어 설명 구간
쟁점②,5,강환국,래리 윌리엄스도 '올해는 좋다',흰색,#FFFFFF,검정,인용 시
쟁점②,6,강환국,27년 7년차부터 흐름 악화 예상,노랑,#F7EA34,검정,연도 언급 시
쟁점②,7,조규원,올해는 안전자산 선호해도 된다,노랑,#F7EA34,검정,주장 착지 직후
쟁점②,8,조규원,글로벌 부채 사상 최고,노랑,#F7EA34,검정,근거1 도입
쟁점②,9,조규원,디레버리징 국면으로 전환,흰색,#FFFFFF,검정,근거1
쟁점②,10,조규원,헤지 자산은 필수,노랑,#F7EA34,검정,근거1 결론
쟁점②,11,조규원,디플레이션형 침체 신호,흰색,#FFFFFF,검정,근거2
쟁점②,12,조규원,금을 메인으로 가져가야,노랑,#F7EA34,검정,근거2 결론
쟁점③,1,MC,"달러, 어디로 가나?",빨강,#F82830,흰색,안건 제시 직후
쟁점③,2,강환국,달러는 분명 약세가 된다,노랑,#F7EA34,검정,주장 착지 직후
쟁점③,3,강환국,신흥국·개도국 투자 필요,노랑,#F7EA34,검정,주장 후속
쟁점③,4,강환국,달러 약세 = 신흥국 자산 강세,흰색,#FFFFFF,검정,근거1
쟁점③,5,강환국,단순 환율 문제가 아니다,흰색,#FFFFFF,검정,근거2 도입
쟁점③,6,강환국,유동성이 위험자산으로 이동,흰색,#FFFFFF,검정,근거2 결론
쟁점③,7,조규원,달러 약세는 100%,노랑,#F7EA34,검정,주장 착지 직후
쟁점③,8,조규원,그래서 금 소유는 필수,노랑,#F7EA34,검정,주장 후속
쟁점③,9,조규원,중앙은행도 달러를 안 산다,흰색,#FFFFFF,검정,근거1
쟁점③,10,조규원,화폐 시스템 자체가 위기,흰색,#FFFFFF,검정,근거1 결론
쟁점③,11,조규원,실물이라 주식보다 안정적,흰색,#FFFFFF,검정,근거2
마무리,1,강환국,원자재의 해이자 미국 주식의 해,노랑,#F7EA34,검정,최종 주장 도입
마무리,2,강환국,경기침체는 안 온다,흰색,#FFFFFF,검정,최종 주장
마무리,3,강환국,두 사이클 모두 안 끝났다,흰색,#FFFFFF,검정,최종 주장
마무리,4,강환국,관건은 타이밍과 비중,노랑,#F7EA34,검정,최종 주장 마무리
마무리,5,조규원,금의 거대 사이클은 진행형,노랑,#F7EA34,검정,최종 주장 도입
마무리,6,조규원,1930·1970년대에 이은 세 번째,노랑,#F7EA34,검정,연도 언급 시
마무리,7,조규원,오를 땐 계속 오르는 자산,흰색,#FFFFFF,검정,최종 주장
마무리,8,조규원,단기 조정에 놀라지 말 것,흰색,#FFFFFF,검정,최종 주장
마무리,9,조규원,2030년까지 믿고 간다,노랑,#F7EA34,검정,최종 주장 마무리
