회차,구간,"헤더 (보라 #3F0971 / 흰 글자)","본문 (흰 배경 / 검정 글자)",등장,제거,비고
1편,오프닝,부 대 부,올해는 주식의 해 VS 원자재의 해,MC 대주제 소개 직후,소안건 ① 진입 시,대주제 고정
1편,쟁점①,쟁점 ①,"금리 사이클의 전환, 누구에게 유리한가?",MC 안건 제시 종료 +1초,쟁점 ② 진입 시,
1편,쟁점②,쟁점 ②,"지금은 위험자산인가, 안전자산인가",MC 안건 제시 종료 +1초,쟁점 ③ 진입 시,경기 침체 여부
1편,쟁점③,쟁점 ③,"달러의 행방, 과연 어떻게 될까",MC 안건 제시 종료 +1초,마무리 진입 시,
1편,마무리,최종 주장,올해는 주식의 해 VS 원자재의 해,MC 마무리 멘트 직후,아웃트로 카드,대주제로 복귀
2편,오프닝,부 대 부,"금·은·비트코인·미국주식 투자 전략",MC 대주제 소개 직후,소안건 ① 진입 시,대주제 고정
2편,쟁점①,쟁점 ①,금 투자 전략,MC 안건 제시 종료 +1초,쟁점 ② 진입 시,
2편,쟁점②,쟁점 ②,은 투자 전략,MC 안건 제시 종료 +1초,쟁점 ③ 진입 시,
2편,쟁점③,쟁점 ③,비트코인 · 미국주식 전략,MC 안건 제시 종료 +1초,마무리 진입 시,
2편,마무리,최종 주장,"금·은·비트코인·미국주식 투자 전략",MC 마무리 멘트 직후,아웃트로 카드,대주제로 복귀
