회차,인물,"헤더 (보라 #3F0971)",본문 줄,줄 순서,비고
1편,강환국,강환국 (퀀트 투자자),대한민국 대표 퀀트 투자자,1,자기소개 시작 +2초
1편,강환국,강환국 (퀀트 투자자),《퀀트 투자 무작정 따라하기》 저자,2,저서 언급 시
1편,강환국,강환국 (퀀트 투자자),CFA · CAIA 보유,3,자격증 언급 시
1편,강환국,강환국 (퀀트 투자자),前 KOTRA 근무,4,경력 언급 시
1편,강환국,강환국 (퀀트 투자자),독일 함부르크대 졸업,5,학력 언급 시
1편,조규원,조규원 (금 투자 전문가),스태커스 대표,1,자기소개 시작 +2초
1편,조규원,조규원 (금 투자 전문가),《골드플레이션》 저자,2,저서 언급 시
1편,조규원,조규원 (금 투자 전문가),금·은 투자 전략서 2022년 발간,3,연도 언급 시
1편,조규원,조규원 (금 투자 전문가),유튜브 '투스텝' 운영,4,채널 언급 시
2편,강환국,강환국 (퀀트 투자자),"퀀트 투자, 즉 통계 투자 달인",1,축약 자기소개 (2편은 1줄)
2편,조규원,조규원 (금 투자 전문가),"""저는 금쟁이입니다""",1,축약 자기소개 (2편은 1줄)
